[
  {
    "id": "c2ff5d04-b0e9-4052-b732-c2e14aec79ad",
    "data": [
      {
        "text": "오랜만이야",
        "userDefined": false
      }
    ],
    "isTemplate": false,
    "count": 0,
    "updated": 0
  },
  {
    "id": "9b00cf35-6768-4341-a35b-d296ed47f004",
    "data": [
      {
        "text": "안녕",
        "userDefined": false
      }
    ],
    "isTemplate": false,
    "count": 0,
    "updated": 0
  },
  {
    "id": "fadc411a-3b5a-455b-8409-d456af9fcfe8",
    "data": [
      {
        "text": "저기",
        "userDefined": false
      }
    ],
    "isTemplate": false,
    "count": 0,
    "updated": 0
  },
  {
    "id": "0beb1584-67a4-41de-bbdb-d8199837bf24",
    "data": [
      {
        "text": "잘 있었어",
        "userDefined": false
      }
    ],
    "isTemplate": false,
    "count": 0,
    "updated": 0
  },
  {
    "id": "661f8667-4b6f-43d7-bee3-399184aca4e0",
    "data": [
      {
        "text": "반가워",
        "userDefined": false
      }
    ],
    "isTemplate": false,
    "count": 0,
    "updated": 0
  },
  {
    "id": "e0409ba5-dd3a-49f8-98d0-dff78788a2f9",
    "data": [
      {
        "text": "오랜만",
        "userDefined": false
      }
    ],
    "isTemplate": false,
    "count": 0,
    "updated": 0
  },
  {
    "id": "03d25aba-dfc3-43ec-a070-f1b373c1814a",
    "data": [
      {
        "text": "어떻게 지냈어",
        "userDefined": false
      }
    ],
    "isTemplate": false,
    "count": 0,
    "updated": 0
  },
  {
    "id": "710a6eff-059d-451a-b2af-196d2d12ec43",
    "data": [
      {
        "text": "잘 지냈니",
        "userDefined": false
      }
    ],
    "isTemplate": false,
    "count": 0,
    "updated": 0
  },
  {
    "id": "2695d767-3cd0-4c70-b0bf-1db51be451d6",
    "data": [
      {
        "text": "오늘 어때",
        "userDefined": false
      }
    ],
    "isTemplate": false,
    "count": 0,
    "updated": 0
  }
]